{
    "name": "root",
    "gauges": {
        "PelletGrabber.Policy.Entropy.mean": {
            "value": 1.418938398361206,
            "min": 1.4189382791519165,
            "max": 1.418938398361206,
            "count": 3
        },
        "PelletGrabber.Policy.Entropy.sum": {
            "value": 78461.6171875,
            "min": 76282.125,
            "max": 185256.59375,
            "count": 3
        },
        "PelletGrabber.Environment.EpisodeLength.mean": {
            "value": 3.2276559865092747,
            "min": 0.5088588588588588,
            "max": 3.2276559865092747,
            "count": 3
        },
        "PelletGrabber.Environment.EpisodeLength.sum": {
            "value": 7656.0,
            "min": 3389.0,
            "max": 7656.0,
            "count": 3
        },
        "PelletGrabber.Step.mean": {
            "value": 29997.0,
            "min": 9999.0,
            "max": 29997.0,
            "count": 3
        },
        "PelletGrabber.Step.sum": {
            "value": 29997.0,
            "min": 9999.0,
            "max": 29997.0,
            "count": 3
        },
        "PelletGrabber.Policy.ExtrinsicValueEstimate.mean": {
            "value": 0.09740877896547318,
            "min": 0.07573366910219193,
            "max": 0.10054541379213333,
            "count": 3
        },
        "PelletGrabber.Policy.ExtrinsicValueEstimate.sum": {
            "value": 231.05361938476562,
            "min": 231.05361938476562,
            "max": 502.87158203125,
            "count": 3
        },
        "PelletGrabber.Policy.CuriosityValueEstimate.mean": {
            "value": -0.03355040401220322,
            "min": -0.04445749893784523,
            "max": -0.03355040401220322,
            "count": 3
        },
        "PelletGrabber.Policy.CuriosityValueEstimate.sum": {
            "value": -79.58155822753906,
            "min": -295.1977844238281,
            "max": -79.58155822753906,
            "count": 3
        },
        "PelletGrabber.Environment.CumulativeReward.mean": {
            "value": 123.6858659936445,
            "min": 23.672961411849563,
            "max": 123.6858659936445,
            "count": 3
        },
        "PelletGrabber.Environment.CumulativeReward.sum": {
            "value": 293382.87413692474,
            "min": 157188.4637746811,
            "max": 293382.87413692474,
            "count": 3
        },
        "PelletGrabber.Policy.ExtrinsicReward.mean": {
            "value": 123.6858659936445,
            "min": 23.672961411849563,
            "max": 123.6858659936445,
            "count": 3
        },
        "PelletGrabber.Policy.ExtrinsicReward.sum": {
            "value": 293382.87413692474,
            "min": 157188.4637746811,
            "max": 293382.87413692474,
            "count": 3
        },
        "PelletGrabber.Policy.CuriosityReward.mean": {
            "value": 0.0,
            "min": 0.0,
            "max": 0.0,
            "count": 3
        },
        "PelletGrabber.Policy.CuriosityReward.sum": {
            "value": 0.0,
            "min": 0.0,
            "max": 0.0,
            "count": 3
        },
        "PelletGrabber.IsTraining.mean": {
            "value": 1.0,
            "min": 1.0,
            "max": 1.0,
            "count": 3
        },
        "PelletGrabber.IsTraining.sum": {
            "value": 1.0,
            "min": 1.0,
            "max": 1.0,
            "count": 3
        }
    },
    "metadata": {
        "timer_format_version": "0.1.0",
        "start_time_seconds": "1733549405",
        "python_version": "3.8.18 (default, Sep 11 2023, 13:39:12) [MSC v.1916 64 bit (AMD64)]",
        "command_line_arguments": "C:\\Users\\aerop\\anaconda3\\envs\\mlagents_new\\Scripts\\mlagents-learn configs\\myconfig.yaml --run-id=attempt13 --force",
        "mlagents_version": "0.30.0",
        "mlagents_envs_version": "0.30.0",
        "communication_protocol_version": "1.5.0",
        "pytorch_version": "2.2.1+cu121",
        "numpy_version": "1.21.2",
        "end_time_seconds": "1733549511"
    },
    "total": 106.38889970000001,
    "count": 1,
    "self": 10.078054100000017,
    "children": {
        "run_training.setup": {
            "total": 12.8574716,
            "count": 1,
            "self": 12.8574716
        },
        "TrainerController.start_learning": {
            "total": 83.453374,
            "count": 1,
            "self": 0.18410150000006809,
            "children": {
                "TrainerController._reset_env": {
                    "total": 14.272534799999999,
                    "count": 1,
                    "self": 14.272534799999999
                },
                "TrainerController.advance": {
                    "total": 68.64906679999993,
                    "count": 174,
                    "self": 0.0031918999998907793,
                    "children": {
                        "env_step": {
                            "total": 68.64587490000004,
                            "count": 174,
                            "self": 66.77062009999898,
                            "children": {
                                "SubprocessEnvManager._take_step": {
                                    "total": 1.8373391000009534,
                                    "count": 6034,
                                    "self": 0.26102500000086337,
                                    "children": {
                                        "TorchPolicy.evaluate": {
                                            "total": 1.57631410000009,
                                            "count": 376,
                                            "self": 1.57631410000009
                                        }
                                    }
                                },
                                "workers": {
                                    "total": 0.037915700000112906,
                                    "count": 174,
                                    "self": 0.0,
                                    "children": {
                                        "worker_root": {
                                            "total": 4398.0183589,
                                            "count": 6032,
                                            "is_parallel": true,
                                            "self": 4274.5720637,
                                            "children": {
                                                "steps_from_proto": {
                                                    "total": 0.08940220000000032,
                                                    "count": 57,
                                                    "is_parallel": true,
                                                    "self": 0.01111050000001157,
                                                    "children": {
                                                        "_process_rank_one_or_two_observation": {
                                                            "total": 0.07829169999998875,
                                                            "count": 114,
                                                            "is_parallel": true,
                                                            "self": 0.07829169999998875
                                                        }
                                                    }
                                                },
                                                "UnityEnvironment.step": {
                                                    "total": 123.35689299999989,
                                                    "count": 6032,
                                                    "is_parallel": true,
                                                    "self": 2.446684099999473,