{
    "name": "root",
    "gauges": {
        "PelletGrabber.Policy.Entropy.mean": {
            "value": 1.0665758848190308,
            "min": 1.0665758848190308,
            "max": 1.4189385175704956,
            "count": 993
        },
        "PelletGrabber.Policy.Entropy.sum": {
            "value": 12286.9541015625,
            "min": 1031.4757080078125,
            "max": 186346.328125,
            "count": 993
        },
        "PelletGrabber.Environment.EpisodeLength.mean": {
            "value": 22.34192037470726,
            "min": 0.5118027364306119,
            "max": 23.98507462686567,
            "count": 1000
        },
        "PelletGrabber.Environment.EpisodeLength.sum": {
            "value": 9540.0,
            "min": 3404.0,
            "max": 9760.0,
            "count": 1000
        },
        "PelletGrabber.Step.mean": {
            "value": 9999980.0,
            "min": 9998.0,
            "max": 9999980.0,
            "count": 1000
        },
        "PelletGrabber.Step.sum": {
            "value": 9999980.0,
            "min": 9998.0,
            "max": 9999980.0,
            "count": 1000
        },
        "PelletGrabber.Policy.ExtrinsicValueEstimate.mean": {
            "value": 1372.953857421875,
            "min": -0.1505356729030609,
            "max": 1407.44482421875,
            "count": 1000
        },
        "PelletGrabber.Policy.ExtrinsicValueEstimate.sum": {
            "value": 586251.3125,
            "min": -760.0070190429688,
            "max": 626552.375,
            "count": 1000
        },
        "PelletGrabber.Policy.CuriosityValueEstimate.mean": {
            "value": -0.46822699904441833,
            "min": -0.7936605215072632,
            "max": -0.03953756019473076,
            "count": 1000
        },
        "PelletGrabber.Policy.CuriosityValueEstimate.sum": {
            "value": -199.93292236328125,
            "min": -504.4702453613281,
            "max": -28.814430236816406,
            "count": 1000
        },
        "PelletGrabber.Environment.CumulativeReward.mean": {
            "value": 2765.928930586339,
            "min": 31.50184152295661,
            "max": 2773.52056607253,
            "count": 1000
        },
        "PelletGrabber.Environment.CumulativeReward.sum": {
            "value": 1181051.6533603668,
            "min": 208888.71113872528,
            "max": 1200934.4051094055,
            "count": 1000
        },
        "PelletGrabber.Policy.ExtrinsicReward.mean": {
            "value": 2765.928930586339,
            "min": 31.50184152295661,
            "max": 2773.52056607253,
            "count": 1000
        },
        "PelletGrabber.Policy.ExtrinsicReward.sum": {
            "value": 1181051.6533603668,
            "min": 208888.71113872528,
            "max": 1200934.4051094055,
            "count": 1000
        },
        "PelletGrabber.Policy.CuriosityReward.mean": {
            "value": 0.0006466759673766845,
            "min": 0.0,
            "max": 0.0027543236449185365,
            "count": 1000
        },
        "PelletGrabber.Policy.CuriosityReward.sum": {
            "value": 0.2761306380698443,
            "min": 0.0,
            "max": 1.134985888187657,
            "count": 1000
        },
        "PelletGrabber.IsTraining.mean": {
            "value": 1.0,
            "min": 1.0,
            "max": 1.0,
            "count": 1000
        },
        "PelletGrabber.IsTraining.sum": {
            "value": 1.0,
            "min": 1.0,
            "max": 1.0,
            "count": 1000
        },
        "PelletGrabber.Losses.PolicyLoss.mean": {
            "value": 0.011514357902990468,
            "min": 0.01045254886944349,
            "max": 0.018861979167184018,
            "count": 30
        },
        "PelletGrabber.Losses.PolicyLoss.sum": {
            "value": 0.011514357902990468,
            "min": 0.01045254886944349,
            "max": 0.018861979167184018,
            "count": 30
        },
        "PelletGrabber.Losses.ValueLoss.mean": {
            "value": 21728.59215698242,
            "min": 21728.59215698242,
            "max": 191190.98813476562,
            "count": 30
        },
        "PelletGrabber.Losses.ValueLoss.sum": {
            "value": 21728.59215698242,
            "min": 21728.59215698242,
            "max": 191190.98813476562,
            "count": 30
        },
        "PelletGrabber.Policy.LearningRate.mean": {
            "value": 7.253547516899988e-07,
            "min": 7.253547516899988e-07,
            "max": 4.255744127854999e-05,
            "count": 30
        },
        "PelletGrabber.Policy.LearningRate.sum": {
            "value": 7.253547516899988e-07,
            "min": 7.253547516899988e-07,
            "max": 4.255744127854999e-05,
            "count": 30
        },
        "PelletGrabber.Policy.Epsilon.mean": {
            "value": 0.14000000000000004,
            "min": 0.14000000000000004,
            "max": 0.14000000000000004,
            "count": 30
        },
        "PelletGrabber.Policy.Epsilon.sum": {
            "value": 0.14000000000000004,
            "min": 0.14000000000000004,
            "max": 0.14000000000000004,
            "count": 30
        },
        "PelletGrabber.Policy.Beta.mean": {
            "value": 0.004200000000000001,
            "min": 0.004200000000000001,
            "max": 0.004200000000000001,
            "count": 30
        },
        "PelletGrabber.Policy.Beta.sum": {
            "value": 0.004200000000000001,
            "min": 0.004200000000000001,
            "max": 0.004200000000000001,
            "count": 30
        },
        "PelletGrabber.Losses.CuriosityForwardLoss.mean": {
            "value": 0.0024316931656358067,
            "min": 0.0006775823225325439,
            "max": 0.05726753458438907,
            "count": 30
        },
        "PelletGrabber.Losses.CuriosityForwardLoss.sum": {
            "value": 0.0024316931656358067,
            "min": 0.0006775823225325439,
            "max": 0.05726753458438907,
            "count": 30
        },
        "PelletGrabber.Losses.CuriosityInverseLoss.mean": {
            "value": 0.011783902035676874,
            "min": 0.011783902035676874,
            "max": 0.3842426388640888,
            "count": 30
        },
        "PelletGrabber.Losses.CuriosityInverseLoss.sum": {
            "value": 0.011783902035676874,
            "min": 0.011783902035676874,
            "max": 0.3842426388640888,
            "count": 30
        }
    },
    "metadata": {
        "timer_format_version": "0.1.0",
        "start_time_seconds": "1733553122",
        "python_version": "3.8.18 (default, Sep 11 2023, 13:39:12) [MSC v.1916 64 bit (AMD64)]",
        "command_line_arguments": "C:\\Users\\aerop\\anaconda3\\envs\\mlagents_new\\Scripts\\mlagents-learn configs\\myconfig.yaml --run-id=attempt13 --force",
        "mlagents_version": "0.30.0",
        "mlagents_envs_version": "0.30.0",
        "communication_protocol_version": "1.5.0",
        "pytorch_version": "2.2.1+cu121",
        "numpy_version": "1.21.2",
        "end_time_seconds": "1733561729"
    },
    "total": 8606.9725849,
    "count": 1,
    "self": 10.355405399999654,
    "children": {
        "run_training.setup": {
            "total": 14.109056800000001,
            "count": 1,
            "self": 14.109056800000001
        },
        "TrainerController.start_learning": {
            "total": 8582.508122700001,
            "count": 1,
            "self": 0.6405476000018098,
            "children": {
                "TrainerController._reset_env": {
                    "total": 16.638642400000002,
                    "count": 1,
                    "self": 16.638642400000002
                },
                "TrainerController.advance": {
                    "total": 8565.1688402,
                    "count": 7058,
                    "self": 0.11750790004771261,