{
    "name": "root",
    "gauges": {
        "PelletGrabber.Policy.Entropy.mean": {
            "value": 1.4165834188461304,
            "min": 1.406662106513977,
            "max": 1.439294695854187,
            "count": 137
        },
        "PelletGrabber.Policy.Entropy.sum": {
            "value": 28286.337890625,
            "min": 1080.3165283203125,
            "max": 2878024.25,
            "count": 137
        },
        "PelletGrabber.Environment.EpisodeLength.mean": {
            "value": 52.936708860759495,
            "min": 15.546153846153846,
            "max": 100.0,
            "count": 127
        },
        "PelletGrabber.Environment.EpisodeLength.sum": {
            "value": 4182.0,
            "min": 32.0,
            "max": 67898.0,
            "count": 127
        },
        "PelletGrabber.Step.mean": {
            "value": 4999969.0,
            "min": 24963.0,
            "max": 4999969.0,
            "count": 200
        },
        "PelletGrabber.Step.sum": {
            "value": 4999969.0,
            "min": 24963.0,
            "max": 4999969.0,
            "count": 200
        },
        "PelletGrabber.Policy.ExtrinsicValueEstimate.mean": {
            "value": -151.46844482421875,
            "min": -201.67164611816406,
            "max": 4.227016448974609,
            "count": 200
        },
        "PelletGrabber.Policy.ExtrinsicValueEstimate.sum": {
            "value": -63616.74609375,
            "min": -136733.375,
            "max": 2455.896484375,
            "count": 200
        },
        "PelletGrabber.Policy.CuriosityValueEstimate.mean": {
            "value": 0.21269293129444122,
            "min": 0.05255158245563507,
            "max": 0.3932153284549713,
            "count": 200
        },
        "PelletGrabber.Policy.CuriosityValueEstimate.sum": {
            "value": 89.3310317993164,
            "min": 20.54766845703125,
            "max": 261.5053405761719,
            "count": 200
        },
        "PelletGrabber.Environment.CumulativeReward.mean": {
            "value": 225.7529049962759,
            "min": -376.16021428097076,
            "max": 282.452880859375,
            "count": 125
        },
        "PelletGrabber.Environment.CumulativeReward.sum": {
            "value": 14448.185919761658,
            "min": -251162.2896732986,
            "max": 157627.0466156006,
            "count": 125
        },
        "PelletGrabber.Policy.ExtrinsicReward.mean": {
            "value": 225.7529049962759,
            "min": -376.16021428097076,
            "max": 282.452880859375,
            "count": 125
        },
        "PelletGrabber.Policy.ExtrinsicReward.sum": {
            "value": 14448.185919761658,
            "min": -251162.2896732986,
            "max": 157627.0466156006,
            "count": 125
        },
        "PelletGrabber.Policy.CuriosityReward.mean": {
            "value": 0.029989208112510823,
            "min": 0.0,
            "max": 0.46704429388046265,
            "count": 125
        },
        "PelletGrabber.Policy.CuriosityReward.sum": {
            "value": 1.9193093192006927,
            "min": 0.0,
            "max": 121.08960797823966,
            "count": 125
        },
        "PelletGrabber.IsTraining.mean": {
            "value": 1.0,
            "min": 1.0,
            "max": 1.0,
            "count": 200
        },
        "PelletGrabber.IsTraining.sum": {
            "value": 1.0,
            "min": 1.0,
            "max": 1.0,
            "count": 200
        },
        "PelletGrabber.Losses.PolicyLoss.mean": {
            "value": 0.012226729361390793,
            "min": 0.010616308356621976,
            "max": 0.012226729361390793,
            "count": 14
        },
        "PelletGrabber.Losses.PolicyLoss.sum": {
            "value": 0.012226729361390793,
            "min": 0.010616308356621976,
            "max": 0.012226729361390793,
            "count": 14
        },
        "PelletGrabber.Losses.ValueLoss.mean": {
            "value": 491.53597125153044,
            "min": 245.23676195286993,
            "max": 1034.9127786664822,
            "count": 14
        },
        "PelletGrabber.Losses.ValueLoss.sum": {
            "value": 491.53597125153044,
            "min": 245.23676195286993,
            "max": 1034.9127786664822,
            "count": 14
        },
        "PelletGrabber.Policy.LearningRate.mean": {
            "value": 0.0010000000000000002,
            "min": 0.0010000000000000002,
            "max": 0.0010000000000000002,
            "count": 14
        },
        "PelletGrabber.Policy.LearningRate.sum": {
            "value": 0.0010000000000000002,
            "min": 0.0010000000000000002,
            "max": 0.0010000000000000002,
            "count": 14
        },
        "PelletGrabber.Policy.Epsilon.mean": {
            "value": 0.19999999999999996,
            "min": 0.19999999999999996,
            "max": 0.19999999999999996,
            "count": 14
        },
        "PelletGrabber.Policy.Epsilon.sum": {
            "value": 0.19999999999999996,
            "min": 0.19999999999999996,
            "max": 0.19999999999999996,
            "count": 14
        },
        "PelletGrabber.Policy.Beta.mean": {
            "value": 0.0042,
            "min": 0.0042,
            "max": 0.0042,
            "count": 14
        },
        "PelletGrabber.Policy.Beta.sum": {
            "value": 0.0042,
            "min": 0.0042,
            "max": 0.0042,
            "count": 14
        },
        "PelletGrabber.Losses.CuriosityForwardLoss.mean": {
            "value": 0.02313834275049505,
            "min": 0.02313834275049505,
            "max": 5.413487859381669,
            "count": 14
        },
        "PelletGrabber.Losses.CuriosityForwardLoss.sum": {
            "value": 0.02313834275049505,
            "min": 0.02313834275049505,
            "max": 5.413487859381669,
            "count": 14
        },
        "PelletGrabber.Losses.CuriosityInverseLoss.mean": {
            "value": 1.4733373771852523,
            "min": 1.29613478664142,
            "max": 1.9159709756054095,
            "count": 14
        },
        "PelletGrabber.Losses.CuriosityInverseLoss.sum": {
            "value": 1.4733373771852523,
            "min": 1.29613478664142,
            "max": 1.9159709756054095,
            "count": 14
        }
    },
    "metadata": {
        "timer_format_version": "0.1.0",
        "start_time_seconds": "1733422427",
        "python_version": "3.8.18 (default, Sep 11 2023, 13:39:12) [MSC v.1916 64 bit (AMD64)]",
        "command_line_arguments": "C:\\Users\\aerop\\anaconda3\\envs\\mlagents_new\\Scripts\\mlagents-learn configs\\myconfig.yaml --run-id=attempt10 --force",
        "mlagents_version": "0.30.0",
        "mlagents_envs_version": "0.30.0",
        "communication_protocol_version": "1.5.0",
        "pytorch_version": "2.2.1+cu121",
        "numpy_version": "1.21.2",
        "end_time_seconds": "1733426115"
    },
    "total": 3688.1819394,
    "count": 1,
    "self": 10.55142829999977,
    "children": {
        "run_training.setup": {
            "total": 13.186649899999999,
            "count": 1,
            "self": 13.186649899999999
        },
        "TrainerController.start_learning": {
            "total": 3664.4438612000004,
            "count": 1,
            "self": 0.11822729999994408,
            "children": {
                "TrainerController._reset_env": {
                    "total": 13.8139232,
                    "count": 1,
                    "self": 13.8139232
                },
                "TrainerController.advance": {
                    "total": 3650.4489451000004,
                    "count": 267,
                    "self": 0.005124999996496626,
                    "children": {
                        "env_step": {
                            "total": 3650.443820100004,
                            "count": 267,
                            "self": 3587.1982228000043,