{"count":1,"self":5.1059551999999995,"total":184.358835,"children":{"InitializeActuators":{"count":768,"self":0.22251159999999998,"total":0.22251159999999998,"children":null},"InitializeSensors":{"count":768,"self":0.0016131,"total":0.0016131,"children":null},"AgentSendState":{"count":401,"self":0.0633973,"total":0.20303059999999998,"children":{"CollectObservations":{"count":15360,"self":0.0337506,"total":0.0337506,"children":null},"WriteActionMask":{"count":15360,"self":0.010525399999999999,"total":0.010525399999999999,"children":null},"RequestDecision":{"count":15360,"self":0.016456099999999998,"total":0.095357299999999992,"children":{"AgentInfo.ToProto":{"count":15360,"self":0.0238968,"total":0.078901199999999991,"children":{"GenerateSensorData":{"count":15360,"self":0.055004399999999995,"total":0.055004399999999995,"children":null}}}}}}},"DecideAction":{"count":401,"self":177.76952319999998,"total":177.7695211,"children":null},"AgentAct":{"count":401,"self":1.0300375,"total":1.0526952,"children":{"AgentInfo.ToProto":{"count":628,"self":0.0056834,"total":0.0226577,"children":{"GenerateSensorData":{"count":628,"self":0.016974299999999998,"total":0.016974299999999998,"children":null}}}}}},"gauges":{"PelletGrabber.CumulativeReward":{"count":628,"max":1322.985,"min":-662.8219,"runningAverage":202.843857,"value":167.452408,"weightedAverage":372.849731}},"metadata":{"timer_format_version":"0.1.0","start_time_seconds":"1733548762","unity_version":"2023.2.12f1","command_line_arguments":"C:\\Unity Projects\\Github\\ml-agents\\MlAgentsBuild\\UnityEnvironment.exe -nographics -batchmode --mlagents-port 6010 -logFile C:\\Unity Projects\\Github\\ml-agents\\MLAgentsBase\\Assets\\Pellet Grabber\\TrainingData\\results\\attempt13\\run_logs\\Player-10.log","communication_protocol_version":"1.5.0","com.unity.ml-agents_version":"3.0.0","scene_name":"Pellet Grabber Scene","end_time_seconds":"1733548945"}}